First Name,Last Name,Address,City,State,Zip Code,Phone Number,Email
Dipesh,Basu,Some Location,Kota,Rajastan,709 248,98993508,dipesh@gmail.com
Vijay,Verma,Some Location,Mumbai,Maharastra,909 958,94076551,vijay@gmail.com
Kartik,Kumar,Some Location,Ahmedabad,Gujrat,707 780,97550686,kartik@gmail.com
Ritik,Wagh,Some Location,Jaisalmer,Rajastan,887 722,98610791,ritik@gmail.com
Ramesh,Shinde,Some Location,Kota,Rajastan,656 708,90604437,ramesh@gmail.com
Akash,Patel,Some Location,Mysore,Karnataka,877 943,95147923,akash@gmail.com
Abhi,Modi,Some Location,Ahmedabad,Gujrat,663 575,92639152,abhi@gmail.com
Dinesh,Basu,Some Location,Pune,Maharastra,401 953,94524035,dinesh@gmail.com
