First Name,Last Name,Address,City,State,Zip Code,Phone Number,Email
Ram,Basu,Some Location,Mysore,Karnataka,294 772,98058306,ram@gmail.com
Dipesh,Shah,Some Location,Ahmedabad,Gujrat,894 903,90456918,dipesh@gmail.com
Vijay,Kumar,Some Location,Ahmedabad,Gujrat,963 938,94824160,vijay@gmail.com
Kartik,Seth,Some Location,Kota,Rajastan,228 524,91564092,kartik@gmail.com
Ritik,Singh,Some Location,Belgaum,Karnataka,220 439,96375233,ritik@gmail.com
Ramesh,Wagh,Some Location,Kota,Rajastan,422 291,94417120,ramesh@gmail.com
Akash,Modi,Some Location,Bengaluru,Karnataka,233 598,90902673,akash@gmail.com
